,Zipfsubtlex,Zipf 10M,Zipf 100M
dog,5.16821,5.36268,5.45952
